001.zoap,qrcode_0001
002peii2,qrcode_0002
003tllbd,qrcode_0003
004g4rhv,qrcode_0004
005sdjgi,qrcode_0005
006k89mt,qrcode_0006
007ovwce,qrcode_0007
008qc:lm,qrcode_0008
0095441d,qrcode_0009
010x7:j9,qrcode_0010
011iqo.?,qrcode_0011
012g4c78,qrcode_0012
0136lfes,qrcode_0013
014g9j.v,qrcode_0014
015b8v4a,qrcode_0015
016:2fln,qrcode_0016
017gxtqk,qrcode_0017
0188mwya,qrcode_0018
0197hhdv,qrcode_0019
020y4j7t,qrcode_0020
0218a42e,qrcode_0021
0225w.ya,qrcode_0022
023b!cqq,qrcode_0023
0245rew1,qrcode_0024
025e!gjg,qrcode_0025
0264:4!i,qrcode_0026
027uf76z,qrcode_0027
028d?hya,qrcode_0028
029u.6bb,qrcode_0029
03043i7:,qrcode_0030
031.xdlq,qrcode_0031
032we2mv,qrcode_0032
0339?.9c,qrcode_0033
034d5vw?,qrcode_0034
035w!t:p,qrcode_0035
036o5it.,qrcode_0036
0373kz3.,qrcode_0037
038sw1qg,qrcode_0038
039wzsvz,qrcode_0039
04032q63,qrcode_0040
041.q7bw,qrcode_0041
0422m85x,qrcode_0042
043aop!u,qrcode_0043
044yim9q,qrcode_0044
045trsa2,qrcode_0045
046ebpdd,qrcode_0046
0474xpog,qrcode_0047
048u4ol.,qrcode_0048
049?ctbv,qrcode_0049
050rrtid,qrcode_0050